layer,overall,x,y,z,roll,pitch,yaw,gripper,chance
0,0.00163644,0.00433437,0.00170279,0.00294118,0.000928793,0.000619195,0.000928793,0,0.00390625
1,0.00192393,0.00139319,0.00263158,0.00356037,0.00232198,0.00263158,0.000773994,0.000154799,0.00390625
2,0.00150376,0.00154799,0.00216718,0.00216718,0.00123839,0.00263158,0.000773994,0,0.00390625
3,0.00176913,0.00170279,0.00278638,0.00263158,0.00185759,0.00216718,0.00123839,0,0.00390625
4,0.00176913,0.000928793,0.00371517,0.00309598,0.00170279,0.00201238,0.000773994,0.000154799,0.00390625
5,0.0018797,0.000619195,0.00294118,0.00433437,0.00154799,0.00294118,0.000773994,0,0.00390625
6,0.0015701,0.000619195,0.00417957,0.00294118,0.000773994,0.00154799,0.000928793,0,0.00390625
7,0.00183547,0.00216718,0.00325077,0.00433437,0.000773994,0.00154799,0.000773994,0,0.00390625
8,0.00236621,0.00216718,0.00309598,0.00557276,0.00123839,0.000619195,0.00139319,0.00247678,0.00390625
9,0.00442282,0.00278638,0.00386997,0.00386997,0.00139319,0.00170279,0.00139319,0.0159443,0.00390625
10,0.00508625,0.00464396,0.00309598,0.00340557,0.00170279,0.00263158,0.00108359,0.0190402,0.00390625
11,0.00731977,0.00386997,0.00263158,0.00216718,0.00139319,0.00232198,0.00247678,0.0363777,0.00390625
12,0.012605,0.00356037,0.00557276,0.00309598,0.00185759,0.00232198,0.00108359,0.070743,0.00390625
13,0.0151039,0.00371517,0.00588235,0.00263158,0.00170279,0.00417957,0.00154799,0.0860681,0.00390625
14,0.0209863,0.00541796,0.00417957,0.00325077,0.000928793,0.00216718,0.00139319,0.129567,0.00390625
15,0.0311146,0.00804954,0.00526316,0.00572755,0.00185759,0.00263158,0.00247678,0.191796,0.00390625
16,0.0475011,0.00913313,0.00758514,0.00789474,0.00386997,0.00510836,0.00402477,0.294892,0.00390625
17,0.0744803,0.00959752,0.0123839,0.0244582,0.00665635,0.0122291,0.00696594,0.449071,0.00390625
18,0.0940955,0.0219814,0.0178019,0.0580495,0.0119195,0.0213622,0.0133127,0.514241,0.00390625
19,0.106789,0.0345201,0.0297214,0.0760062,0.0126935,0.0287926,0.0179567,0.547833,0.00390625
20,0.118465,0.0306502,0.0424149,0.0773994,0.0229102,0.0421053,0.0216718,0.592105,0.00390625
21,0.129478,0.0342105,0.0577399,0.0865325,0.0334365,0.0472136,0.0383901,0.608824,0.00390625
22,0.15188,0.0447368,0.0698142,0.0982972,0.0597523,0.0602167,0.070743,0.659598,0.00390625
23,0.192459,0.0486068,0.0947368,0.12291,0.0942724,0.0818885,0.113313,0.791486,0.00390625
24,0.230982,0.0637771,0.115015,0.139783,0.179876,0.132198,0.159752,0.826471,0.00390625
25,0.278483,0.0781734,0.145666,0.171362,0.229102,0.183282,0.223375,0.918421,0.00390625
26,0.323176,0.110836,0.193653,0.200774,0.276006,0.240093,0.306192,0.934675,0.00390625
27,0.401902,0.172291,0.268111,0.228638,0.419659,0.353406,0.409598,0.96161,0.00390625
28,0.487528,0.246594,0.371981,0.312539,0.552012,0.450774,0.499845,0.978947,0.00390625
29,0.594847,0.360062,0.486223,0.452786,0.685449,0.593498,0.601393,0.98452,0.00390625
30,0.703914,0.500155,0.625851,0.597059,0.779721,0.716099,0.717183,0.991331,0.00390625
31,0.806059,0.658514,0.761765,0.733746,0.848452,0.820743,0.825851,0.993344,0.00390625
32,1,1,1,1,1,1,1,1,0.00390625
