layer,x,y,z,roll,pitch,yaw,gripper
0,63.8444,83.5175,80.6554,89.7079,77.0562,72.0033,80.3125
1,110.664,85.2418,94.4215,93.5458,60.8268,71.2424,78.6508
2,111.175,79.8906,84.993,81.3819,88.65,81.4167,74.1616
3,114.67,79.0115,83.1517,78.092,85.6684,77.9039,72.3246
4,85.4302,77.3449,82.2515,83.3252,85.1666,84.5339,74.105
5,105.55,80.0176,83.893,83.1282,85.8085,90.0328,79.9992
6,88.3918,84.2053,90.5511,86.3596,90.9175,95.1084,75.8285
7,96.528,80.2548,84.9901,83.1305,91.1949,94.0563,75.1056
8,59.2003,86.5344,89.2743,77.093,89.9282,85.4807,84.8659
9,70.6441,88.9947,86.1529,74.2435,86.6517,79.2178,80.9354
10,72.7265,89.7828,87.3972,78.8475,86.1193,78.7759,80.6861
11,71.5291,88.1991,81.8813,80.3178,83.4932,80.2356,90.268
12,80.0101,87.4443,88.2277,82.7079,86.0859,83.2686,83.1393
13,77.9215,85.3995,87.93,80.9053,80.8392,84.1249,82.4539
14,85.5232,87.039,87.6246,83.2266,83.035,85.2406,83.1105
15,85.5423,86.8372,79.254,80.0404,88.9099,81.7464,78.1872
16,75.4805,73.2618,72.5067,75.3272,84.496,77.4008,75.5398
17,74.9921,69.1779,64.4088,74.4042,82.1932,74.1198,66.4932
18,73.1132,66.2243,58.1961,69.3734,78.9288,67.9415,59.4153
19,68.585,62.1789,55.3105,66.9988,76.4596,63.8763,54.6892
20,64.8579,58.9359,53.9745,62.6955,70.9879,61.2636,49.3757
21,59.9463,53.8594,50.3554,60.7161,67.7418,57.6947,47.4002
22,56.8237,49.1235,45.4732,54.709,62.3291,49.0333,40.3704
23,52.3738,41.9542,38.7232,45.9546,50.2454,39.2659,22.8344
24,45.1019,35.3785,34.9972,38.609,41.6961,32.1613,17.8536
25,37.3701,29.6285,29.9398,33.454,34.9426,25.4563,8.56656
26,29.7274,23.2678,26.0788,26.9995,28.4293,20.6354,6.713
27,23.8372,18.8576,20.3686,18.3844,19.4783,15.9573,4.13591
28,19.7915,15.039,17.6667,13.1412,15.5467,12.4485,2.63591
29,15.0772,11.0348,13.4709,8.84241,11.0701,9.82957,1.93854
30,10.9297,7.88731,8.54272,6.31966,7.48529,6.5243,1.1096
31,6.97771,4.43932,5.11146,4.32012,4.28406,3.68034,0.835913
32,0,0,0,0,0,0,0
