layer,dim,agree,within5,within25,mean_abs_bucket_dist,mean_kl_nats,mean_entropy_nats
0,x,0.0043,0.0324,0.1539,63.844,9.1483,2.0635
0,y,0.0017,0.0252,0.0994,83.517,9.3287,2.3032
0,z,0.0029,0.0324,0.1675,80.655,9.4396,2.2692
0,roll,0.0009,0.0190,0.0884,89.708,9.9301,2.4228
0,pitch,0.0006,0.0217,0.1025,77.056,9.1774,1.8482
0,yaw,0.0009,0.0184,0.0967,72.003,8.8629,2.5630
0,gripper,0.0000,0.0070,0.0741,80.313,9.8666,2.7517
1,x,0.0014,0.0636,0.1276,110.664,7.0580,3.9662
1,y,0.0026,0.0265,0.1389,85.242,8.7309,3.0201
1,z,0.0036,0.0376,0.1474,94.422,8.2857,3.2439
1,roll,0.0023,0.0118,0.0831,93.546,9.9441,2.9020
1,pitch,0.0026,0.0305,0.3711,60.827,7.4549,3.0683
1,yaw,0.0008,0.1065,0.2057,71.242,8.3262,3.1235
1,gripper,0.0002,0.0108,0.1204,78.651,9.3868,2.6548
2,x,0.0015,0.0703,0.1409,111.175,6.2458,4.2446
2,y,0.0022,0.0307,0.1519,79.891,7.7161,3.6924
2,z,0.0022,0.0372,0.1489,84.993,7.4305,3.6047
2,roll,0.0012,0.0252,0.1347,81.382,8.8418,3.2083
2,pitch,0.0026,0.0193,0.1186,88.650,7.2169,3.2626
2,yaw,0.0008,0.0229,0.1805,81.417,7.5644,3.2520
2,gripper,0.0000,0.0073,0.1701,74.162,8.2246,3.0640
3,x,0.0017,0.0706,0.1299,114.670,6.0736,4.3222
3,y,0.0028,0.0319,0.1779,79.011,7.4200,3.8928
3,z,0.0026,0.0387,0.1661,83.152,7.1555,3.7612
3,roll,0.0019,0.0463,0.1672,78.092,8.2517,3.4454
3,pitch,0.0022,0.0161,0.1187,85.668,7.0999,3.5383
3,yaw,0.0012,0.0316,0.2333,77.904,7.3546,3.5480
3,gripper,0.0000,0.0051,0.1831,72.325,7.7530,3.4151
4,x,0.0009,0.1560,0.2690,85.430,5.8936,4.4226
4,y,0.0037,0.0353,0.1711,77.345,7.2656,3.9987
4,z,0.0031,0.0407,0.1751,82.252,6.9574,3.8836
4,roll,0.0017,0.0214,0.1512,83.325,7.8234,3.6473
4,pitch,0.0020,0.0215,0.1198,85.167,6.7389,3.7796
4,yaw,0.0008,0.0392,0.1599,84.534,6.9348,3.8596
4,gripper,0.0002,0.0108,0.1901,74.105,7.1404,3.7866
5,x,0.0006,0.1042,0.1827,105.550,5.6906,4.5585
5,y,0.0029,0.0345,0.2152,80.018,7.1176,4.0596
5,z,0.0043,0.0399,0.1697,83.893,6.7671,3.9950
5,roll,0.0015,0.0215,0.1381,83.128,7.4681,3.8555
5,pitch,0.0029,0.0198,0.1172,85.809,6.5054,3.9970
5,yaw,0.0008,0.0240,0.1218,90.033,6.7196,4.0442
5,gripper,0.0000,0.0130,0.1796,79.999,6.7004,4.0173
6,x,0.0006,0.1461,0.2508,88.392,5.6887,4.5523
6,y,0.0042,0.0721,0.1978,84.205,7.1117,3.9535
6,z,0.0029,0.0345,0.1551,90.551,6.7280,3.9854
6,roll,0.0008,0.0167,0.1313,86.360,7.3834,3.8957
6,pitch,0.0015,0.0164,0.0978,90.917,6.4575,4.0462
6,yaw,0.0009,0.0127,0.0796,95.108,6.8140,4.0272
6,gripper,0.0000,0.0040,0.2630,75.828,6.7114,3.9118
7,x,0.0022,0.0876,0.1966,96.528,5.8583,4.4732
7,y,0.0033,0.0449,0.2102,80.255,7.1949,3.8801
7,z,0.0043,0.0303,0.1667,84.990,6.6815,3.8780
7,roll,0.0008,0.0158,0.1611,83.130,7.2596,3.8563
7,pitch,0.0015,0.0150,0.0963,91.195,6.4723,4.0258
7,yaw,0.0008,0.0144,0.0757,94.056,6.7518,3.9961
7,gripper,0.0000,0.0040,0.2580,75.106,6.3506,3.8717
8,x,0.0022,0.1639,0.3754,59.200,5.9352,4.3868
8,y,0.0031,0.0384,0.1782,86.534,7.2239,3.6858
8,z,0.0056,0.0348,0.1598,89.274,6.9504,3.6928
8,roll,0.0012,0.0158,0.1514,77.093,7.4994,3.6552
8,pitch,0.0006,0.0150,0.0974,89.928,6.7643,3.7799
8,yaw,0.0014,0.0245,0.1088,85.481,7.0531,3.8854
8,gripper,0.0025,0.0033,0.1073,84.866,5.7163,3.4731
9,x,0.0028,0.0618,0.2464,70.644,6.3593,4.2323
9,y,0.0039,0.0387,0.1605,88.995,7.7646,3.2879
9,z,0.0039,0.0305,0.1553,86.153,7.2983,3.3602
9,roll,0.0014,0.0203,0.1477,74.243,7.8563,3.3349
9,pitch,0.0017,0.0211,0.1223,86.652,6.8705,3.5109
9,yaw,0.0014,0.0246,0.1384,79.218,7.4667,3.3510
9,gripper,0.0159,0.0166,0.1036,80.935,5.5011,3.0413
10,x,0.0046,0.0605,0.2632,72.726,6.6356,4.0513
10,y,0.0031,0.0424,0.1656,89.783,7.9188,3.1953
10,z,0.0034,0.0337,0.1621,87.397,7.7445,3.0470
10,roll,0.0017,0.0203,0.1441,78.848,8.5459,3.0528
10,pitch,0.0026,0.0178,0.1005,86.119,7.3846,3.1547
10,yaw,0.0011,0.0197,0.1330,78.776,7.9351,3.1460
10,gripper,0.0190,0.0232,0.2094,80.686,5.2366,2.7196
11,x,0.0039,0.0506,0.1954,71.529,7.1841,3.8532
11,y,0.0026,0.0334,0.1515,88.199,8.0108,3.0543
11,z,0.0022,0.0359,0.1842,81.881,8.2016,2.7094
11,roll,0.0014,0.0175,0.1107,80.318,9.0471,2.7678
11,pitch,0.0023,0.0203,0.1234,83.493,8.1823,2.7910
11,yaw,0.0025,0.0252,0.1195,80.236,8.6976,2.8590
11,gripper,0.0364,0.0463,0.1528,90.268,5.0965,2.6567
12,x,0.0036,0.0410,0.1636,80.010,7.7715,3.1532
12,y,0.0056,0.0382,0.1489,87.444,8.4477,2.6851
12,z,0.0031,0.0359,0.1562,88.228,8.4441,2.5901
12,roll,0.0019,0.0198,0.1195,82.708,9.5119,2.5530
12,pitch,0.0023,0.0217,0.1246,86.086,8.1546,2.5926
12,yaw,0.0011,0.0181,0.1034,83.269,9.0134,2.7678
12,gripper,0.0707,0.0828,0.2367,83.139,4.7314,2.6082
13,x,0.0037,0.0353,0.1588,77.922,8.1015,2.8031
13,y,0.0059,0.0398,0.1348,85.400,8.5612,2.6124
13,z,0.0026,0.0450,0.1672,87.930,8.6629,2.4750
13,roll,0.0017,0.0200,0.1268,80.905,9.6994,2.5248
13,pitch,0.0042,0.0241,0.1393,80.839,8.1650,2.5246
13,yaw,0.0015,0.0172,0.1045,84.125,8.9025,2.6234
13,gripper,0.0861,0.0938,0.2404,82.454,4.3366,2.4572
14,x,0.0054,0.0464,0.1568,85.523,7.9844,2.7756
14,y,0.0042,0.0515,0.1562,87.039,8.4511,2.5603
14,z,0.0033,0.0389,0.1755,87.625,8.7278,2.3109
14,roll,0.0009,0.0167,0.1101,83.227,9.3280,2.5861
14,pitch,0.0022,0.0187,0.1554,83.035,8.3137,2.5058
14,yaw,0.0014,0.0161,0.0930,85.241,8.8516,2.6192
14,gripper,0.1296,0.1347,0.2548,83.111,3.7750,2.3112
15,x,0.0080,0.0427,0.1455,85.542,8.0664,2.7697
15,y,0.0053,0.0337,0.1480,86.837,8.5184,2.5559
15,z,0.0057,0.0533,0.2255,79.254,8.3879,2.4190
15,roll,0.0019,0.0224,0.1130,80.040,8.9592,2.5306
15,pitch,0.0026,0.0198,0.1158,88.910,8.4657,2.4526
15,yaw,0.0025,0.0266,0.1291,81.746,8.3039,2.6420
15,gripper,0.1918,0.1967,0.2799,78.187,3.4876,2.1986
16,x,0.0091,0.0728,0.2132,75.480,7.7888,2.6291
16,y,0.0076,0.0495,0.2282,73.262,7.8717,2.5321
16,z,0.0079,0.0639,0.2413,72.507,7.8834,2.4503
16,roll,0.0039,0.0347,0.1488,75.327,8.4426,2.6111
16,pitch,0.0051,0.0241,0.1181,84.496,7.8977,2.5558
16,yaw,0.0040,0.0333,0.1478,77.401,7.9457,2.6497
16,gripper,0.2949,0.2981,0.3307,75.540,2.8821,1.9293
17,x,0.0096,0.0915,0.2255,74.992,7.7090,2.5447
17,y,0.0124,0.0584,0.2514,69.178,7.7000,2.4376
17,z,0.0245,0.0929,0.3094,64.409,7.3351,2.4517
17,roll,0.0067,0.0438,0.1591,74.404,7.8075,2.5803
17,pitch,0.0122,0.0373,0.1424,82.193,7.7403,2.4664
17,yaw,0.0070,0.0415,0.1833,74.120,7.4413,2.6657
17,gripper,0.4491,0.4519,0.4655,66.493,1.9934,1.5361
18,x,0.0220,0.0929,0.2413,73.113,7.6700,2.4697
18,y,0.0178,0.0729,0.2563,66.224,7.5007,2.4187
18,z,0.0580,0.1300,0.3495,58.196,7.1433,2.3341
18,roll,0.0119,0.0590,0.1876,69.373,7.3388,2.5545
18,pitch,0.0214,0.0492,0.1508,78.929,7.6594,2.4257
18,yaw,0.0133,0.0590,0.2299,67.941,6.9961,2.6447
18,gripper,0.5142,0.5169,0.5240,59.415,1.6167,1.3099
19,x,0.0345,0.1079,0.2669,68.585,7.6535,2.4024
19,y,0.0297,0.0859,0.2724,62.179,7.0430,2.3892
19,z,0.0760,0.1489,0.3675,55.311,6.9536,2.2276
19,roll,0.0127,0.0703,0.2147,66.999,7.0568,2.4991
19,pitch,0.0288,0.0580,0.1704,76.460,7.2074,2.3844
19,yaw,0.0180,0.0816,0.2546,63.876,6.7739,2.5833
19,gripper,0.5478,0.5502,0.5554,54.689,1.6494,1.3868
20,x,0.0307,0.1122,0.2909,64.858,7.3272,2.3573
20,y,0.0424,0.1161,0.3060,58.936,6.7555,2.3499
20,z,0.0774,0.1472,0.3774,53.974,6.8959,2.1523
20,roll,0.0229,0.0862,0.2526,62.696,6.5510,2.4849
20,pitch,0.0421,0.0785,0.2012,70.988,6.8993,2.3445
20,yaw,0.0217,0.0875,0.2774,61.264,6.6439,2.5330
20,gripper,0.5921,0.5947,0.5980,49.376,1.4250,1.1534
21,x,0.0342,0.1149,0.3039,59.946,7.0765,2.3156
21,y,0.0577,0.1378,0.3548,53.859,6.3942,2.3265
21,z,0.0865,0.1573,0.3912,50.355,6.7079,2.1056
21,roll,0.0334,0.1099,0.2729,60.716,6.2131,2.4421
21,pitch,0.0472,0.0879,0.2286,67.742,6.6086,2.3277
21,yaw,0.0384,0.1121,0.3079,57.695,6.1844,2.4894
21,gripper,0.6088,0.6108,0.6122,47.400,1.4783,0.9697
22,x,0.0447,0.1410,0.3316,56.824,6.7324,2.2512
22,y,0.0698,0.1559,0.3927,49.124,6.0903,2.2503
22,z,0.0983,0.1825,0.4262,45.473,6.3943,2.0209
22,roll,0.0598,0.1529,0.3398,54.709,5.6980,2.3938
22,pitch,0.0602,0.1144,0.2709,62.329,6.0523,2.3205
22,yaw,0.0707,0.1816,0.3972,49.033,5.6121,2.3716
22,gripper,0.6596,0.6633,0.6661,40.370,1.2802,0.8527
23,x,0.0486,0.1536,0.3539,52.374,6.5580,2.1507
23,y,0.0947,0.1980,0.4762,41.954,5.5559,2.1729
23,z,0.1229,0.2293,0.4994,38.723,5.9550,1.9420
23,roll,0.0943,0.2175,0.4354,45.955,5.1449,2.3625
23,pitch,0.0819,0.1729,0.3729,50.245,5.5004,2.3159
23,yaw,0.1133,0.2525,0.5147,39.266,5.0270,2.2707
23,gripper,0.7915,0.7980,0.8042,22.834,0.8134,0.7245
24,x,0.0638,0.1865,0.4198,45.102,6.1384,2.0975
24,y,0.1150,0.2381,0.5433,35.378,5.2118,2.0994
24,z,0.1398,0.2590,0.5430,34.997,5.4281,1.9025
24,roll,0.1799,0.3050,0.5102,38.609,4.4355,2.2324
24,pitch,0.1322,0.2378,0.4619,41.696,4.8846,2.2293
24,yaw,0.1598,0.3245,0.5954,32.161,4.5636,2.1434
24,gripper,0.8265,0.8347,0.8379,17.854,0.6366,0.6531
25,x,0.0782,0.2136,0.4985,37.370,5.6308,2.0192
25,y,0.1457,0.2839,0.6144,29.628,4.8254,1.9830
25,z,0.1714,0.2899,0.6043,29.940,4.8993,1.8247
25,roll,0.2291,0.3585,0.5610,33.454,3.9448,2.1351
25,pitch,0.1833,0.3118,0.5416,34.943,4.3083,2.1077
25,yaw,0.2234,0.3964,0.6740,25.456,3.9516,1.9460
25,gripper,0.9184,0.9207,0.9229,8.567,0.3113,0.3796
26,x,0.1108,0.2867,0.5788,29.727,5.0423,1.8537
26,y,0.1937,0.3681,0.6890,23.268,4.2671,1.7732
26,z,0.2008,0.3367,0.6593,26.079,4.4356,1.7394
26,roll,0.2760,0.4173,0.6274,27.000,3.4141,1.9128
26,pitch,0.2401,0.3845,0.6189,28.429,3.7032,1.9243
26,yaw,0.3062,0.4913,0.7351,20.635,3.4027,1.6341
26,gripper,0.9347,0.9359,0.9385,6.713,0.2556,0.2899
27,x,0.1723,0.3641,0.6537,23.837,4.5016,1.5265
27,y,0.2681,0.4432,0.7494,18.858,3.6207,1.4711
27,z,0.2286,0.3940,0.7320,20.369,3.9184,1.5085
27,roll,0.4197,0.5460,0.7385,18.384,2.5715,1.4504
27,pitch,0.3534,0.5046,0.7339,19.478,2.9561,1.4894
27,yaw,0.4096,0.5820,0.7947,15.957,2.7773,1.2688
27,gripper,0.9616,0.9625,0.9649,4.136,0.1372,0.1440
28,x,0.2466,0.4237,0.7189,19.791,3.8993,1.2274
28,y,0.3720,0.5286,0.7960,15.039,2.8421,1.1975
28,z,0.3125,0.4786,0.7717,17.667,3.1574,1.2958
28,roll,0.5520,0.6526,0.8101,13.141,1.8692,1.0401
28,pitch,0.4508,0.5881,0.7850,15.547,2.2986,1.1992
28,yaw,0.4998,0.6511,0.8418,12.448,2.1628,0.9721
28,gripper,0.9789,0.9789,0.9789,2.636,0.0673,0.0384
29,x,0.3601,0.5235,0.7782,15.077,2.9025,1.0019
29,y,0.4862,0.6189,0.8483,11.035,2.1430,0.9274
29,z,0.4528,0.5776,0.8293,13.471,2.1782,1.0621
29,roll,0.6854,0.7477,0.8723,8.842,1.1921,0.6466
29,pitch,0.5935,0.6833,0.8454,11.070,1.5013,0.9005
29,yaw,0.6014,0.7183,0.8728,9.830,1.5625,0.7705
29,gripper,0.9845,0.9845,0.9845,1.939,0.0415,0.0200
30,x,0.5002,0.6108,0.8426,10.930,1.8269,0.7743
30,y,0.6259,0.7243,0.8899,7.887,1.2381,0.6826
30,z,0.5971,0.7015,0.8913,8.543,1.2941,0.8084
30,roll,0.7797,0.8220,0.9062,6.320,0.6646,0.4677
30,pitch,0.7161,0.7769,0.8923,7.485,0.8426,0.6311
30,yaw,0.7172,0.7955,0.9111,6.524,0.9609,0.5488
30,gripper,0.9913,0.9913,0.9913,1.110,0.0217,0.0130
31,x,0.6585,0.7345,0.9043,6.978,0.9435,0.5935
31,y,0.7618,0.8291,0.9415,4.439,0.5121,0.5528
31,z,0.7337,0.8040,0.9368,5.111,0.5480,0.6226
31,roll,0.8485,0.8746,0.9364,4.320,0.2818,0.4047
31,pitch,0.8207,0.8611,0.9382,4.284,0.3585,0.4865
31,yaw,0.8259,0.8666,0.9519,3.680,0.3863,0.4301
31,gripper,0.9933,0.9933,0.9935,0.836,0.0122,0.0110
32,x,1.0000,1.0000,1.0000,0.000,0.0000,0.6546
32,y,1.0000,1.0000,1.0000,0.000,0.0000,0.4326
32,z,1.0000,1.0000,1.0000,0.000,0.0000,0.4295
32,roll,1.0000,1.0000,1.0000,0.000,0.0000,0.2792
32,pitch,1.0000,1.0000,1.0000,0.000,0.0000,0.3524
32,yaw,1.0000,1.0000,1.0000,0.000,0.0000,0.3014
32,gripper,1.0000,1.0000,1.0000,0.000,0.0000,0.0082
